Date,Product_ID,Product_Category,Customer_Age,Customer_Gender,Region,Season,Sales_Quantity,Unit_Price,Discount,Total_Sales,Advertising_Spend,Cost_per_unit,Profit,Profit_Margin
2022-01-01,100,Sports,37,Male,East,Summer,23,182.78,0.15,3573.35,4014.34,114.35,943.38,0.26
2022-01-03,101,Beauty,42,Male,Central,Summer,16,414.15,0.22,5168.59,2292.03,234.08,1423.38,0.28
2022-01-05,102,Home & Kitchen,39,Male,West,Summer,13,262.67,0.13,2970.8,2497.57,182.45,598.92,0.2
2022-01-07,103,Beauty,30,Male,East,Summer,21,237.01,0.2,3981.77,4521.18,148.64,860.36,0.22
2022-01-09,104,Beauty,36,Male,East,Spring,15,32.25,0.03,469.24,3461.25,20.18,166.52,0.35
2022-01-11,105,Clothing,53,Female,North,Summer,14,152.11,0.22,1661.04,536.27,132.1,-188.39,-0.11
2022-01-14,106,Home & Kitchen,29,Female,Central,Spring,18,466.19,0.24,6377.48,4744.29,415.85,-1107.8,-0.17
2022-01-16,107,Home & Kitchen,58,Male,North,Spring,18,201.99,0.21,2872.3,1567.15,161.24,-29.97,-0.01
2022-01-18,108,Home & Kitchen,36,Female,South,Autumn,20,277.88,0.29,3945.9,984.26,216.3,-380.02,-0.1
2022-01-20,109,Beauty,29,Female,North,Spring,26,270.69,0.25,5278.46,3956.58,200.39,68.42,0.01
2022-01-22,110,Sports,26,Male,North,Winter,24,299.31,0.27,5243.91,2752.15,144.58,1774.04,0.34
2022-01-25,111,Home & Kitchen,24,Male,West,Spring,21,40.05,0.28,605.56,2451.97,17.2,244.28,0.4
2022-01-27,112,Beauty,45,Male,East,Autumn,20,187.47,0.24,2849.54,1622.76,139.73,54.88,0.02
2022-01-29,113,Clothing,31,Female,Central,Spring,20,364.33,0.2,5829.28,2963.62,278.49,259.45,0.04
2022-01-31,114,Sports,48,Female,North,Winter,22,108.27,0.0,2381.94,1734.73,45.85,1373.22,0.58
2022-02-02,115,Clothing,36,Male,Central,Winter,23,109.75,0.14,2170.86,4557.12,94.83,-10.16,-0.0
2022-02-05,116,Sports,64,Male,North,Winter,16,14.94,0.17,198.4,1468.42,6.66,91.89,0.46
2022-02-07,117,Beauty,33,Male,South,Autumn,17,224.37,0.09,3471.0,4479.6,121.82,1400.03,0.4
2022-02-09,118,Electronics,22,Female,North,Autumn,15,442.54,0.1,5974.29,3017.32,325.8,1087.35,0.18
2022-02-11,119,Sports,52,Female,West,Summer,31,35.43,0.29,779.81,4228.2,17.18,247.19,0.32
2022-02-13,120,Clothing,29,Female,East,Autumn,28,103.65,0.27,2118.61,3707.81,44.33,877.31,0.41
2022-02-16,121,Beauty,42,Female,South,Winter,20,161.94,0.25,2429.1,3635.13,91.59,597.32,0.25
2022-02-18,122,Sports,38,Male,North,Winter,21,368.55,0.12,6810.8,1959.56,288.57,750.85,0.11
2022-02-20,123,Electronics,53,Male,Central,Autumn,25,323.91,0.0,8097.75,1552.54,196.56,3183.72,0.39
2022-02-22,124,Electronics,40,Male,South,Spring,14,213.81,0.02,2933.47,1448.99,155.33,758.85,0.26
2022-02-24,125,Home & Kitchen,33,Male,South,Autumn,20,381.94,0.09,6951.31,4357.36,263.47,1681.99,0.24
2022-02-27,126,Home & Kitchen,56,Female,North,Autumn,14,308.72,0.0,4322.08,4191.92,126.92,2545.23,0.59
2022-03-01,127,Clothing,62,Female,South,Winter,17,449.06,0.01,7557.68,2482.58,401.58,730.8,0.1
2022-03-03,128,Sports,59,Male,Central,Summer,21,410.83,0.27,6298.02,1095.82,172.84,2668.34,0.42
2022-03-05,129,Sports,56,Male,South,Winter,18,133.88,0.21,1903.77,2220.14,118.34,-226.29,-0.12
2022-03-07,130,Home & Kitchen,31,Female,Central,Summer,15,143.0,0.09,1951.95,3287.05,96.52,504.22,0.26
2022-03-10,131,Sports,48,Male,North,Winter,20,71.42,0.04,1371.26,2544.81,62.96,112.02,0.08
2022-03-12,132,Sports,22,Female,East,Autumn,22,175.11,0.15,3274.56,4010.85,80.09,1512.55,0.46
2022-03-14,133,Electronics,52,Male,South,Winter,19,499.78,0.0,9495.82,4989.3,322.46,3369.08,0.35
2022-03-16,134,Home & Kitchen,40,Male,East,Winter,12,208.82,0.28,1804.2,1360.09,101.23,589.49,0.33
2022-03-18,135,Beauty,46,Male,Central,Winter,17,118.04,0.12,1765.88,2568.43,50.22,912.06,0.52
2022-03-20,136,Home & Kitchen,60,Male,South,Autumn,23,383.62,0.12,7764.47,2439.43,271.9,1510.85,0.19
2022-03-23,137,Beauty,28,Male,West,Autumn,22,275.81,0.12,5339.68,1870.22,138.98,2282.16,0.43
2022-03-25,138,Electronics,35,Male,East,Autumn,16,83.3,0.02,1306.14,1391.43,57.8,381.38,0.29
2022-03-27,139,Clothing,64,Male,South,Autumn,15,196.54,0.19,2387.96,795.61,89.66,1043.09,0.44
2022-03-29,140,Sports,29,Female,East,Summer,25,213.09,0.22,4155.26,4492.04,120.61,1140.07,0.27
2022-03-31,141,Electronics,26,Female,South,Summer,24,379.38,0.2,7284.1,2389.32,300.02,83.62,0.01
2022-04-03,142,Sports,27,Female,North,Spring,22,20.13,0.04,425.15,2736.03,12.45,151.23,0.36
2022-04-05,143,Clothing,61,Female,East,Autumn,20,141.82,0.17,2354.21,4626.24,101.24,329.38,0.14
2022-04-07,144,Clothing,34,Female,West,Summer,15,263.62,0.17,3282.07,3993.31,190.79,420.23,0.13
2022-04-09,145,Electronics,55,Male,West,Winter,32,141.73,0.26,3356.17,1087.26,116.48,-371.34,-0.11
2022-04-11,146,Clothing,24,Male,Central,Autumn,14,317.93,0.11,3961.41,3044.39,178.82,1457.88,0.37
2022-04-14,147,Beauty,63,Female,South,Spring,24,246.12,0.11,5257.12,2490.14,183.03,864.48,0.16
2022-04-16,148,Clothing,30,Male,East,Spring,22,187.24,0.19,3336.62,4087.45,164.92,-291.68,-0.09
2022-04-18,149,Sports,57,Female,Central,Spring,22,475.11,0.19,8466.46,3759.05,363.52,469.09,0.06
2022-04-20,150,Sports,59,Female,East,Winter,25,319.76,0.14,6874.84,3606.83,206.22,1719.23,0.25
2022-04-22,151,Sports,26,Male,South,Summer,16,73.67,0.13,1025.49,2032.45,52.7,182.28,0.18
2022-04-25,152,Sports,44,Male,West,Winter,17,284.44,0.15,4110.16,4122.34,218.97,387.61,0.09
2022-04-27,153,Beauty,19,Male,North,Autumn,20,392.56,0.26,5809.89,735.76,277.2,265.86,0.05
2022-04-29,154,Home & Kitchen,22,Female,West,Spring,14,357.16,0.14,4300.21,1218.31,145.84,2258.42,0.53
2022-05-01,155,Electronics,46,Male,Central,Winter,26,94.32,0.28,1765.67,2010.3,46.91,545.92,0.31
2022-05-03,156,Sports,54,Female,North,Winter,22,486.49,0.15,9097.36,845.63,391.74,479.12,0.05
2022-05-06,157,Clothing,55,Female,Central,Summer,21,229.92,0.28,3476.39,1557.47,123.31,886.84,0.26
2022-05-08,158,Sports,36,Female,South,Summer,14,87.92,0.25,923.16,4235.68,67.33,-19.42,-0.02
2022-05-10,159,Clothing,25,Male,North,Spring,25,98.3,0.11,2187.18,4767.13,57.61,746.93,0.34
2022-05-12,160,Clothing,62,Male,Central,Winter,17,58.14,0.26,731.4,1870.71,38.43,78.14,0.11
2022-05-14,161,Sports,18,Female,South,Winter,16,403.72,0.03,6265.73,1690.32,175.21,3462.39,0.55
2022-05-17,162,Beauty,39,Male,West,Summer,25,69.79,0.28,1256.22,1759.52,34.24,400.22,0.32
2022-05-19,163,Clothing,34,Male,South,Winter,18,71.31,0.19,1039.7,1749.74,62.65,-88.05,-0.08
2022-05-21,164,Clothing,24,Male,East,Winter,19,426.73,0.02,7945.71,661.69,360.62,1094.0,0.14
2022-05-23,165,Sports,42,Female,South,Winter,19,178.86,0.19,2752.66,4671.12,129.88,284.99,0.1
2022-05-25,166,Clothing,62,Female,South,Summer,22,25.12,0.29,392.37,1461.64,15.82,44.31,0.11
2022-05-28,167,Clothing,21,Male,East,Spring,13,35.43,0.02,451.38,2390.02,26.14,111.52,0.25
2022-05-30,168,Sports,53,Female,Central,Autumn,20,79.66,0.17,1322.36,543.59,56.5,192.29,0.15
2022-06-01,169,Sports,23,Male,Central,Spring,24,114.56,0.22,2144.56,4360.8,78.39,263.19,0.12
2022-06-03,170,Electronics,48,Male,South,Autumn,19,335.92,0.24,4850.68,3790.21,144.31,2108.84,0.43
2022-06-05,171,Beauty,36,Male,East,Winter,25,87.09,0.12,1915.98,4760.4,62.39,356.2,0.19
2022-06-07,172,Beauty,61,Male,East,Spring,19,68.25,0.06,1218.94,4017.27,53.54,201.7,0.17
2022-06-10,173,Clothing,56,Female,West,Autumn,20,384.71,0.01,7617.26,1911.68,345.1,715.25,0.09
2022-06-12,174,Beauty,44,Female,Central,Summer,24,338.82,0.17,6749.29,1615.43,137.4,3451.58,0.51
2022-06-14,175,Clothing,27,Female,North,Summer,17,223.31,0.14,3264.79,3639.72,170.85,360.32,0.11
2022-06-16,176,Electronics,43,Male,Central,Spring,31,279.16,0.28,6230.85,2138.51,191.47,295.15,0.05
2022-06-18,177,Sports,36,Male,Central,Spring,27,162.87,0.02,4309.54,3047.97,100.5,1596.17,0.37
2022-06-21,178,Sports,56,Male,West,Winter,14,246.43,0.21,2725.52,528.16,114.29,1125.45,0.41
2022-06-23,179,Sports,20,Female,North,Spring,14,258.27,0.01,3579.62,778.49,156.14,1393.73,0.39
2022-06-25,180,Beauty,62,Male,West,Winter,28,199.75,0.05,5313.35,2909.16,115.29,2085.13,0.39
2022-06-27,181,Electronics,30,Female,North,Winter,22,454.22,0.14,8593.84,3047.32,250.46,3083.64,0.36
2022-06-29,182,Beauty,45,Female,South,Summer,9,17.87,0.14,138.31,3881.54,13.68,15.21,0.11
2022-07-02,183,Beauty,37,Female,North,Summer,21,393.26,0.21,6524.18,1093.84,295.09,327.34,0.05
2022-07-04,184,Electronics,45,Female,West,Autumn,18,70.95,0.27,932.28,2809.32,49.28,45.32,0.05
2022-07-06,185,Electronics,25,Female,Central,Summer,18,400.8,0.19,5843.66,1375.01,348.43,-428.05,-0.07
2022-07-08,186,Electronics,58,Female,North,Summer,17,311.8,0.29,3763.43,919.38,179.26,715.97,0.19
2022-07-10,187,Electronics,56,Male,North,Spring,22,423.21,0.26,6889.86,2347.23,220.87,2030.64,0.29
2022-07-13,188,Sports,18,Male,East,Summer,22,57.78,0.18,1042.35,1235.01,42.06,117.01,0.11
2022-07-15,189,Home & Kitchen,20,Female,Central,Autumn,26,283.9,0.25,5536.05,1498.02,141.78,1849.73,0.33
2022-07-17,190,Home & Kitchen,30,Female,South,Spring,21,255.53,0.19,4346.57,1929.0,142.46,1354.92,0.31
2022-07-19,191,Electronics,45,Male,West,Autumn,23,356.03,0.02,8024.92,1667.25,182.39,3829.84,0.48
2022-07-21,192,Home & Kitchen,42,Female,South,Summer,15,271.8,0.22,3180.06,894.16,118.12,1408.29,0.44
2022-07-24,193,Home & Kitchen,50,Female,Central,Autumn,17,274.96,0.03,4534.09,904.62,223.75,730.37,0.16
2022-07-26,194,Electronics,55,Male,North,Spring,17,220.5,0.18,3073.77,1369.62,116.26,1097.3,0.36
2022-07-28,195,Home & Kitchen,23,Female,North,Winter,23,161.33,0.21,2931.37,727.52,102.69,569.52,0.19
2022-07-30,196,Beauty,61,Female,Central,Autumn,22,246.31,0.02,5310.44,3319.06,103.86,3025.56,0.57
2022-08-01,197,Clothing,62,Female,North,Autumn,32,68.06,0.07,2025.47,1792.97,51.02,392.74,0.19
2022-08-04,198,Clothing,49,Male,North,Spring,15,481.14,0.27,5268.48,1758.86,271.98,1188.8,0.23
2022-08-06,199,Electronics,62,Male,North,Spring,19,360.06,0.18,5609.73,1993.99,278.1,325.85,0.06
2022-08-08,200,Sports,64,Male,West,Autumn,23,476.71,0.07,10196.83,3482.58,288.98,3550.23,0.35
2022-08-10,201,Electronics,38,Female,West,Summer,13,121.1,0.21,1243.7,4417.85,60.29,459.89,0.37
2022-08-12,202,Sports,33,Female,East,Autumn,13,440.88,0.18,4699.78,3915.89,289.48,936.59,0.2
2022-08-15,203,Clothing,38,Male,South,Spring,26,406.31,0.15,8979.45,3773.88,189.04,4064.5,0.45
2022-08-17,204,Electronics,28,Female,Central,Winter,15,341.8,0.29,3640.17,2679.76,212.01,460.05,0.13
2022-08-19,205,Beauty,54,Female,Central,Winter,26,316.26,0.21,6495.98,3622.13,176.68,1902.31,0.29
2022-08-21,206,Home & Kitchen,53,Female,Central,Summer,22,165.11,0.11,3232.85,2987.43,141.33,123.58,0.04
2022-08-23,207,Sports,52,Female,East,Autumn,23,410.04,0.24,7167.5,1473.13,176.51,3107.82,0.43
2022-08-25,208,Home & Kitchen,36,Female,West,Winter,21,255.74,0.27,3920.49,1438.65,191.04,-91.35,-0.02
2022-08-28,209,Home & Kitchen,37,Male,East,Autumn,18,44.74,0.04,773.11,1833.76,21.98,377.39,0.49
2022-08-30,210,Electronics,35,Female,Central,Spring,20,163.3,0.06,3070.04,4598.61,91.37,1242.64,0.4
2022-09-01,211,Home & Kitchen,64,Male,South,Winter,24,468.3,0.06,10564.85,2963.37,284.61,3734.15,0.35
2022-09-03,212,Beauty,58,Female,North,Summer,20,426.83,0.21,6743.91,3802.57,364.52,-546.41,-0.08
2022-09-05,213,Home & Kitchen,31,Male,West,Spring,14,491.13,0.18,5638.17,2059.51,256.02,2053.88,0.36
2022-09-08,214,Electronics,32,Female,West,Summer,22,317.72,0.19,5661.77,2334.72,141.59,2546.72,0.45
2022-09-10,215,Beauty,48,Male,East,Spring,16,131.28,0.28,1512.35,1065.05,73.43,337.45,0.22
2022-09-12,216,Clothing,18,Female,West,Winter,22,89.78,0.23,1520.87,1270.83,40.61,627.43,0.41
2022-09-14,217,Home & Kitchen,20,Male,Central,Summer,15,101.59,0.04,1462.9,4223.1,47.17,755.38,0.52
2022-09-16,218,Electronics,33,Female,Central,Summer,15,19.7,0.1,265.95,3131.77,13.53,62.96,0.24
2022-09-19,219,Clothing,40,Male,East,Spring,18,201.43,0.13,3154.39,2018.9,86.71,1593.69,0.51
2022-09-21,220,Clothing,28,Female,Central,Summer,26,103.8,0.12,2374.94,4112.83,43.13,1253.69,0.53
2022-09-23,221,Sports,29,Male,South,Spring,23,211.71,0.2,3895.46,1609.34,160.31,208.37,0.05
2022-09-25,222,Beauty,27,Male,East,Spring,16,468.15,0.27,5467.99,4892.15,271.91,1117.39,0.2
2022-09-27,223,Home & Kitchen,49,Female,South,Spring,21,220.96,0.09,4222.55,2051.68,102.24,2075.6,0.49
2022-09-30,224,Electronics,33,Female,North,Spring,22,440.21,0.17,8038.23,2017.9,231.91,2936.31,0.37
2022-10-02,225,Sports,25,Male,South,Winter,23,306.7,0.24,5361.12,1903.6,221.14,274.8,0.05
2022-10-04,226,Beauty,55,Female,North,Spring,25,131.09,0.12,2883.98,1049.5,70.5,1121.58,0.39
2022-10-06,227,Sports,29,Male,North,Autumn,18,184.37,0.05,3152.73,1000.12,119.34,1004.69,0.32
2022-10-08,228,Beauty,41,Male,South,Summer,23,51.12,0.14,1011.15,3416.47,23.56,469.31,0.46
2022-10-11,229,Beauty,45,Male,East,Autumn,18,173.4,0.02,3058.78,4438.03,120.35,892.52,0.29
2022-10-13,230,Home & Kitchen,25,Female,Central,Winter,24,342.0,0.28,5909.76,4057.34,190.85,1329.38,0.22
2022-10-15,231,Beauty,45,Male,Central,Autumn,23,45.33,0.02,1021.74,1134.98,32.34,277.87,0.27
2022-10-17,232,Sports,53,Male,North,Summer,15,110.65,0.13,1443.98,2955.12,88.98,109.22,0.08
2022-10-19,233,Beauty,43,Female,North,Autumn,20,196.91,0.16,3308.09,975.16,138.98,528.42,0.16
2022-10-22,234,Home & Kitchen,25,Female,East,Winter,23,491.2,0.3,7908.32,703.83,269.12,1718.66,0.22
2022-10-24,235,Home & Kitchen,45,Female,West,Spring,30,394.58,0.05,11245.53,3453.74,208.29,4996.9,0.44
2022-10-26,236,Sports,45,Female,South,Autumn,15,369.41,0.03,5374.92,2908.19,208.24,2251.31,0.42
2022-10-28,237,Clothing,54,Male,North,Winter,21,66.93,0.0,1405.53,869.11,32.28,727.63,0.52
2022-10-30,238,Clothing,58,Male,Central,Winter,24,392.69,0.05,8953.33,657.23,192.65,4329.78,0.48
2022-11-02,239,Beauty,53,Male,East,Summer,25,394.78,0.06,9277.33,4953.9,313.99,1427.67,0.15
2022-11-04,240,Electronics,44,Male,South,Summer,18,304.54,0.19,4440.19,635.1,180.4,1193.01,0.27
2022-11-06,241,Beauty,34,Female,East,Autumn,20,495.28,0.07,9212.21,2500.38,306.08,3090.57,0.34
2022-11-08,242,Sports,26,Male,South,Spring,29,169.37,0.01,4862.61,2770.79,118.06,1439.02,0.3
2022-11-10,243,Sports,50,Male,South,Winter,22,471.22,0.25,7775.13,1027.76,327.42,571.97,0.07
2022-11-12,244,Sports,37,Female,North,Autumn,24,458.22,0.11,9787.58,1260.78,198.72,5018.19,0.51
2022-11-15,245,Sports,30,Male,East,Winter,11,15.63,0.11,153.02,2083.12,12.75,12.76,0.08
2022-11-17,246,Sports,45,Male,East,Winter,14,230.56,0.09,2937.33,3927.54,112.67,1360.01,0.46
2022-11-19,247,Home & Kitchen,46,Male,Central,Spring,28,488.78,0.29,9716.95,2781.87,372.22,-705.31,-0.07
2022-11-21,248,Clothing,30,Male,Central,Spring,9,60.53,0.05,517.53,3370.56,47.6,89.16,0.17
2022-11-23,249,Sports,63,Male,North,Autumn,17,278.41,0.27,3455.07,4933.29,210.88,-129.92,-0.04
2022-11-26,250,Electronics,52,Male,North,Spring,18,489.69,0.23,6787.1,3956.02,337.64,709.66,0.1
2022-11-28,251,Electronics,23,Female,West,Spring,25,282.19,0.02,6913.66,2454.63,114.94,4040.22,0.58
2022-11-30,252,Electronics,35,Female,Central,Autumn,15,103.01,0.3,1081.6,2508.99,59.77,185.13,0.17
2022-12-02,253,Electronics,22,Male,South,Spring,21,295.27,0.08,5704.62,3284.47,207.4,1349.14,0.24
2022-12-04,254,Home & Kitchen,64,Male,East,Summer,17,110.18,0.03,1816.87,3494.14,65.42,704.78,0.39
2022-12-07,255,Electronics,42,Female,North,Winter,13,264.66,0.25,2580.44,2753.2,220.13,-281.23,-0.11
2022-12-09,256,Sports,19,Male,East,Winter,23,46.28,0.21,840.91,3401.88,25.66,250.78,0.3
2022-12-11,257,Beauty,27,Male,East,Winter,18,306.69,0.19,4471.54,605.9,167.69,1453.15,0.32
2022-12-13,258,Electronics,47,Male,West,Winter,24,263.23,0.05,6001.64,2433.3,140.3,2634.41,0.44
2022-12-15,259,Home & Kitchen,62,Female,Central,Autumn,14,372.68,0.14,4487.07,1755.22,211.08,1531.91,0.34
2022-12-18,260,Home & Kitchen,22,Male,North,Winter,15,319.04,0.23,3684.91,1081.29,216.53,436.91,0.12
2022-12-20,261,Electronics,50,Female,East,Winter,33,279.31,0.09,8387.68,947.96,210.46,1442.43,0.17
2022-12-22,262,Beauty,18,Male,North,Winter,19,347.99,0.09,6016.75,3214.36,254.48,1181.64,0.2
2022-12-24,263,Electronics,35,Female,South,Winter,22,80.53,0.0,1771.66,2856.2,64.73,347.5,0.2
2022-12-26,264,Home & Kitchen,49,Female,West,Summer,19,301.73,0.05,5446.23,1641.13,254.35,613.66,0.11
2022-12-29,265,Clothing,64,Male,South,Winter,24,94.33,0.26,1675.3,2619.28,76.22,-154.04,-0.09
2022-12-31,266,Sports,28,Female,North,Summer,21,463.51,0.13,8468.33,2715.05,189.79,4482.64,0.53
2023-01-02,267,Home & Kitchen,38,Male,North,Autumn,25,43.48,0.3,760.9,1377.54,33.39,-73.87,-0.1
2023-01-04,268,Electronics,43,Female,Central,Spring,14,220.88,0.12,2721.24,3434.42,111.37,1162.09,0.43
2023-01-06,269,Sports,42,Male,East,Winter,16,350.94,0.21,4435.88,4014.14,163.7,1816.67,0.41
2023-01-09,270,Electronics,39,Male,East,Spring,26,234.43,0.08,5607.57,4061.59,168.61,1223.64,0.22
2023-01-11,271,Electronics,44,Female,South,Spring,23,55.13,0.11,1128.51,3211.11,30.87,418.6,0.37
2023-01-13,272,Clothing,30,Male,West,Autumn,24,281.16,0.06,6342.97,2802.37,120.49,3451.12,0.54
2023-01-15,273,Sports,50,Male,East,Spring,24,324.4,0.1,7007.04,774.53,152.08,3357.03,0.48
2023-01-17,274,Sports,51,Female,Central,Summer,18,354.86,0.16,5365.48,1795.24,142.11,2807.52,0.52
2023-01-20,275,Clothing,58,Male,South,Spring,21,192.9,0.3,2835.63,919.72,164.28,-614.16,-0.22
2023-01-22,276,Home & Kitchen,52,Male,South,Spring,24,286.19,0.2,5494.85,4837.2,118.0,2662.88,0.48
2023-01-24,277,Electronics,18,Female,Central,Spring,14,230.84,0.06,3037.85,1107.86,116.51,1406.7,0.46
2023-01-26,278,Beauty,38,Female,West,Winter,15,339.31,0.01,5038.75,1182.99,206.35,1943.58,0.39
2023-01-28,279,Electronics,23,Male,Central,Winter,30,295.94,0.04,8523.07,4503.09,171.14,3388.94,0.4
2023-01-30,280,Electronics,45,Male,West,Summer,23,267.62,0.17,5108.87,4747.68,229.05,-159.19,-0.03
2023-02-02,281,Home & Kitchen,34,Female,Central,Summer,21,132.27,0.23,2138.81,3946.23,55.57,971.78,0.45
2023-02-04,282,Electronics,22,Female,Central,Winter,18,10.99,0.28,142.43,524.32,7.21,12.64,0.09
2023-02-06,283,Clothing,48,Male,North,Summer,18,95.3,0.0,1715.4,506.06,70.54,445.59,0.26
2023-02-08,284,Clothing,22,Female,South,Winter,18,67.36,0.16,1018.48,2201.45,58.32,-31.34,-0.03
2023-02-10,285,Sports,55,Male,Central,Autumn,19,230.05,0.14,3759.02,1145.28,163.38,654.83,0.17
2023-02-13,286,Beauty,20,Male,Central,Spring,19,310.01,0.2,4712.15,582.74,248.59,-11.06,-0.0
2023-02-15,287,Electronics,40,Male,East,Spring,15,114.41,0.17,1424.4,2588.3,50.55,666.1,0.47
2023-02-17,288,Electronics,54,Male,South,Summer,18,470.14,0.21,6685.39,4743.78,278.78,1667.37,0.25
2023-02-19,289,Home & Kitchen,54,Male,East,Winter,17,13.27,0.2,180.47,1957.19,7.79,48.06,0.27
2023-02-21,290,Clothing,27,Female,South,Winter,22,388.43,0.04,8203.64,3475.13,327.5,998.59,0.12
2023-02-24,291,Beauty,27,Female,East,Summer,27,316.35,0.24,6491.5,3435.06,150.48,2428.46,0.37
2023-02-26,292,Sports,36,Female,Central,Winter,19,193.04,0.04,3521.05,1629.86,91.88,1775.4,0.5
2023-02-28,293,Clothing,34,Female,Central,Autumn,15,34.74,0.21,411.67,3426.91,19.6,117.62,0.29
2023-03-02,294,Sports,38,Male,North,Spring,18,317.47,0.12,5028.72,1455.5,135.63,2587.32,0.51
2023-03-04,295,Home & Kitchen,31,Male,East,Summer,15,198.95,0.15,2536.61,1049.03,97.73,1070.66,0.42
2023-03-07,296,Home & Kitchen,26,Male,West,Summer,21,468.77,0.27,7186.24,3656.22,413.74,-1502.27,-0.21
2023-03-09,297,Electronics,63,Male,North,Winter,18,275.58,0.27,3621.12,1010.48,169.23,574.95,0.16
2023-03-11,298,Beauty,18,Female,East,Summer,25,470.43,0.25,8820.56,4986.09,336.83,399.75,0.05
2023-03-13,299,Sports,62,Male,East,Autumn,26,118.04,0.15,2608.68,1325.54,90.07,266.84,0.1
2023-03-15,300,Clothing,30,Male,North,Winter,23,365.61,0.22,6559.04,3173.64,213.33,1652.54,0.25
2023-03-18,301,Home & Kitchen,21,Female,Central,Winter,14,312.45,0.15,3718.16,2351.19,147.98,1646.43,0.44
2023-03-20,302,Electronics,18,Female,East,Winter,14,372.31,0.26,3857.13,1068.74,187.38,1233.81,0.32
2023-03-22,303,Electronics,57,Female,Central,Winter,13,115.19,0.12,1317.77,625.3,64.12,484.23,0.37
2023-03-24,304,Sports,49,Female,North,Autumn,25,335.85,0.29,5961.34,3302.3,241.15,-67.46,-0.01
2023-03-26,305,Home & Kitchen,51,Male,Central,Winter,18,254.04,0.28,3292.36,4130.41,152.21,552.66,0.17
2023-03-29,306,Beauty,45,Male,South,Summer,28,373.98,0.22,8167.72,4289.07,150.87,3943.47,0.48
2023-03-31,307,Home & Kitchen,48,Female,West,Autumn,27,170.25,0.08,4229.01,2672.21,112.66,1187.32,0.28
2023-04-02,308,Sports,25,Male,East,Spring,17,446.13,0.04,7280.84,3998.55,384.01,752.68,0.1
2023-04-04,309,Sports,56,Male,West,Spring,20,51.31,0.26,759.39,3527.81,41.36,-67.77,-0.09
2023-04-06,310,Home & Kitchen,43,Male,Central,Summer,14,405.52,0.05,5393.42,3759.15,329.53,780.03,0.14
2023-04-09,311,Sports,51,Female,East,Summer,23,432.05,0.26,7353.49,2716.7,344.57,-571.67,-0.08
2023-04-11,312,Home & Kitchen,20,Male,Central,Autumn,27,410.45,0.15,9419.83,3350.35,230.62,3193.15,0.34
2023-04-13,313,Clothing,29,Female,South,Spring,15,261.24,0.12,3448.37,4124.87,204.45,381.68,0.11
2023-04-15,314,Home & Kitchen,18,Male,North,Spring,19,224.81,0.27,3118.11,2290.48,106.02,1103.81,0.35
2023-04-17,315,Home & Kitchen,61,Male,East,Spring,23,498.17,0.18,9395.49,4126.91,363.1,1044.3,0.11
2023-04-19,316,Sports,22,Male,South,Spring,25,122.29,0.17,2537.52,3164.08,88.14,333.9,0.13
2023-04-22,317,Sports,47,Female,South,Spring,13,277.97,0.17,2999.3,1246.55,114.74,1507.65,0.5
2023-04-24,318,Electronics,47,Male,East,Winter,15,338.63,0.11,4520.71,611.08,268.87,487.7,0.11
2023-04-26,319,Electronics,34,Female,Central,Summer,12,353.43,0.24,3223.28,2132.39,300.99,-388.59,-0.12
2023-04-28,320,Clothing,64,Female,South,Winter,26,109.97,0.08,2630.48,2960.13,58.69,1104.49,0.42
2023-04-30,321,Electronics,40,Female,West,Spring,18,330.46,0.28,4282.76,4279.19,266.42,-512.71,-0.12
2023-05-03,322,Home & Kitchen,32,Male,South,Autumn,24,411.0,0.27,7200.72,1073.69,181.33,2848.69,0.4
2023-05-05,323,Sports,54,Male,Central,Autumn,16,34.51,0.1,496.94,4100.93,24.16,110.44,0.22
2023-05-07,324,Electronics,38,Male,Central,Spring,22,456.65,0.22,7836.11,4383.54,293.55,1378.12,0.18
2023-05-09,325,Electronics,31,Male,West,Spring,18,24.46,0.17,365.43,1178.09,16.46,69.14,0.19
2023-05-11,326,Clothing,19,Female,South,Autumn,16,184.43,0.1,2655.79,4332.17,159.18,108.88,0.04
2023-05-14,327,Clothing,28,Female,Central,Winter,14,17.75,0.3,173.95,4961.54,14.83,-33.71,-0.19
2023-05-16,328,Home & Kitchen,56,Female,East,Winter,24,47.8,0.01,1135.73,3770.77,37.88,226.52,0.2
2023-05-18,329,Sports,55,Male,North,Spring,14,456.47,0.08,5879.33,4031.46,245.06,2448.56,0.42
2023-05-20,330,Clothing,51,Female,North,Winter,21,183.88,0.16,3243.64,4974.87,157.38,-61.43,-0.02
2023-05-22,331,Electronics,55,Male,North,Autumn,20,218.14,0.16,3664.75,3224.67,97.89,1706.93,0.47
2023-05-25,332,Sports,51,Female,South,Winter,19,115.52,0.18,1799.8,1885.49,95.5,-14.63,-0.01
2023-05-27,333,Sports,35,Male,West,Spring,14,302.58,0.23,3261.81,4268.89,170.68,872.3,0.27
2023-05-29,334,Electronics,47,Male,Central,Autumn,17,301.45,0.19,4150.97,3265.19,128.68,1963.32,0.47
2023-05-31,335,Clothing,32,Female,East,Winter,21,192.38,0.18,3312.78,3115.38,141.34,344.7,0.1
2023-06-02,336,Electronics,44,Female,East,Summer,25,173.19,0.02,4243.16,1641.36,89.3,2010.56,0.47
2023-06-05,337,Sports,51,Female,South,Autumn,16,443.63,0.11,6317.29,3903.5,231.48,2613.62,0.41
2023-06-07,338,Beauty,55,Female,North,Autumn,21,197.81,0.07,3863.23,867.5,109.39,1565.96,0.41
2023-06-09,339,Beauty,50,Male,South,Summer,18,251.82,0.08,4170.14,4659.29,108.75,2212.7,0.53
2023-06-11,340,Home & Kitchen,41,Female,West,Summer,20,148.82,0.17,2470.41,1966.21,72.71,1016.25,0.41
2023-06-13,341,Electronics,32,Female,West,Autumn,17,395.52,0.06,6320.41,1074.99,159.22,3613.59,0.57
2023-06-16,342,Electronics,47,Female,Central,Summer,17,204.75,0.09,3167.48,2490.65,127.5,1000.0,0.32
2023-06-18,343,Home & Kitchen,59,Male,Central,Spring,21,261.67,0.07,5110.42,691.11,115.69,2680.89,0.52
2023-06-20,344,Home & Kitchen,34,Male,West,Spring,16,134.15,0.28,1545.41,3580.82,99.45,-45.77,-0.03
2023-06-22,345,Home & Kitchen,22,Female,West,Spring,20,493.95,0.28,7112.88,4562.17,255.77,1997.42,0.28
2023-06-24,346,Sports,46,Male,West,Autumn,20,152.83,0.18,2506.41,4267.68,133.24,-158.29,-0.06
2023-06-27,347,Electronics,21,Female,South,Summer,26,387.66,0.28,7257.0,1073.16,323.94,-1165.41,-0.16
2023-06-29,348,Sports,27,Male,West,Summer,31,219.47,0.24,5170.71,1068.22,119.55,1464.67,0.28
2023-07-01,349,Home & Kitchen,34,Male,East,Winter,23,111.05,0.18,2094.4,4160.46,87.91,72.52,0.03
2023-07-03,350,Electronics,27,Male,North,Winter,27,401.86,0.0,10850.22,4659.14,322.14,2152.44,0.2
2023-07-05,351,Sports,34,Male,West,Summer,14,173.47,0.23,1870.01,2573.01,154.96,-299.4,-0.16
2023-07-07,352,Sports,37,Female,North,Summer,15,433.94,0.21,5142.19,2745.37,303.29,592.85,0.12
2023-07-10,353,Home & Kitchen,41,Female,South,Summer,30,458.48,0.18,11278.61,1932.18,202.18,5213.15,0.46
2023-07-12,354,Electronics,22,Female,North,Autumn,24,431.31,0.23,7970.61,4524.19,312.02,482.18,0.06
2023-07-14,355,Home & Kitchen,51,Male,South,Summer,22,27.15,0.15,507.7,3402.06,19.34,82.13,0.16
2023-07-16,356,Electronics,23,Female,East,Winter,16,395.81,0.21,5003.04,1797.13,284.66,448.53,0.09
2023-07-18,357,Beauty,19,Female,South,Autumn,34,211.56,0.28,5178.99,1844.52,117.11,1197.12,0.23
2023-07-21,358,Clothing,30,Female,South,Summer,17,438.12,0.11,6628.76,4510.4,363.57,448.08,0.07
2023-07-23,359,Clothing,60,Male,Central,Winter,19,322.6,0.21,4842.23,561.35,283.8,-550.03,-0.11
2023-07-25,360,Clothing,60,Male,West,Autumn,21,418.49,0.14,7557.93,1952.27,212.95,3085.95,0.41
2023-07-27,361,Home & Kitchen,28,Male,West,Summer,16,254.72,0.2,3260.42,2994.61,113.12,1450.58,0.44
2023-07-29,362,Beauty,64,Female,East,Summer,19,272.16,0.23,3981.7,1166.98,135.34,1410.31,0.35
2023-08-01,363,Electronics,40,Female,East,Summer,22,80.75,0.01,1758.74,914.44,65.43,319.28,0.18
2023-08-03,364,Sports,33,Female,West,Autumn,19,394.15,0.19,6065.97,4168.74,291.01,536.78,0.09
2023-08-05,365,Electronics,48,Male,Central,Winter,21,215.5,0.07,4208.72,4524.82,154.73,959.3,0.23
2023-08-07,366,Sports,28,Male,West,Winter,25,255.04,0.2,5100.8,4206.23,153.25,1269.48,0.25
2023-08-09,367,Electronics,33,Female,Central,Spring,17,394.7,0.14,5770.51,4544.55,271.91,1147.97,0.2
2023-08-12,368,Beauty,25,Male,East,Summer,19,303.43,0.23,4439.18,2989.0,168.08,1245.64,0.28
2023-08-14,369,Sports,21,Male,North,Spring,19,108.54,0.04,1979.77,4155.16,69.31,662.81,0.33
2023-08-16,370,Home & Kitchen,57,Male,East,Spring,17,299.21,0.19,4120.12,2228.19,238.33,68.51,0.02
2023-08-18,371,Electronics,21,Male,East,Winter,17,209.74,0.08,3280.33,3498.21,186.8,104.75,0.03
2023-08-20,372,Electronics,42,Female,South,Autumn,20,240.07,0.26,3553.04,4949.76,207.96,-606.15,-0.17
2023-08-23,373,Sports,20,Male,South,Autumn,21,23.87,0.28,360.91,1515.77,20.69,-73.65,-0.2
2023-08-25,374,Home & Kitchen,49,Male,South,Winter,22,112.91,0.3,1738.81,2254.55,67.87,245.64,0.14
2023-08-27,375,Home & Kitchen,20,Male,South,Autumn,19,147.71,0.24,2132.93,2660.21,93.71,352.51,0.17
2023-08-29,376,Beauty,44,Male,Central,Spring,15,359.35,0.23,4150.49,1121.07,270.53,92.62,0.02
2023-08-31,377,Home & Kitchen,46,Female,West,Summer,22,15.63,0.06,323.23,864.67,13.46,27.13,0.08
2023-09-03,378,Home & Kitchen,49,Female,North,Winter,22,210.3,0.1,4163.94,4233.75,99.05,1984.82,0.48
2023-09-05,379,Home & Kitchen,36,Male,East,Summer,25,462.77,0.14,9949.56,4895.57,255.51,3561.93,0.36
2023-09-07,380,Clothing,38,Male,Central,Autumn,26,64.82,0.23,1297.7,2321.26,30.44,506.23,0.39
2023-09-09,381,Beauty,22,Male,North,Summer,22,263.05,0.27,4224.58,894.42,185.71,138.87,0.03
2023-09-11,382,Electronics,35,Male,Central,Autumn,22,395.4,0.06,8176.87,796.15,218.72,3365.13,0.41
2023-09-14,383,Sports,45,Male,Central,Autumn,21,471.84,0.28,7134.22,4510.93,265.67,1555.12,0.22
2023-09-16,384,Electronics,59,Male,East,Spring,27,375.92,0.21,8018.37,2587.16,163.7,3598.54,0.45
2023-09-18,385,Beauty,39,Female,West,Autumn,17,363.08,0.18,5061.34,1940.12,208.73,1512.86,0.3
2023-09-20,386,Sports,38,Male,South,Spring,19,414.98,0.06,7411.54,2644.08,344.95,857.47,0.12
2023-09-22,387,Beauty,23,Female,West,Spring,21,228.64,0.02,4705.41,1932.37,118.1,2225.29,0.47
2023-09-24,388,Home & Kitchen,18,Female,East,Spring,14,404.86,0.17,4704.47,2700.66,302.67,467.08,0.1
2023-09-27,389,Sports,22,Male,East,Winter,15,13.9,0.2,166.8,4368.0,9.94,17.76,0.11
2023-09-29,390,Home & Kitchen,58,Female,East,Winter,22,463.03,0.06,9575.46,3165.36,385.12,1102.78,0.12
2023-10-01,391,Electronics,29,Female,North,Autumn,20,227.22,0.17,3771.85,3625.94,105.92,1653.51,0.44
2023-10-03,392,Electronics,43,Female,West,Spring,23,281.16,0.26,4785.34,2141.02,249.89,-962.21,-0.2
2023-10-05,393,Sports,63,Female,West,Winter,19,134.89,0.25,1922.18,3823.28,93.25,150.41,0.08
2023-10-08,394,Sports,51,Female,Central,Spring,19,373.84,0.28,5114.13,3499.78,335.61,-1262.46,-0.25
2023-10-10,395,Beauty,31,Female,Central,Summer,24,47.55,0.11,1015.67,1038.03,40.69,39.08,0.04
2023-10-12,396,Beauty,43,Male,Central,Summer,19,437.59,0.1,7482.79,3076.89,223.5,3236.23,0.43
2023-10-14,397,Home & Kitchen,62,Female,East,Summer,11,415.78,0.22,3567.39,1655.35,177.99,1609.53,0.45
2023-10-16,398,Sports,44,Female,West,Autumn,25,115.87,0.13,2520.17,4118.43,61.16,991.21,0.39
2023-10-19,399,Electronics,26,Female,East,Spring,12,406.57,0.03,4732.47,2416.72,269.87,1493.99,0.32
2023-10-21,400,Beauty,43,Male,North,Summer,26,395.32,0.08,9456.05,4976.08,192.05,4462.87,0.47
2023-10-23,401,Beauty,64,Female,Central,Winter,16,319.79,0.13,4451.48,916.25,154.69,1976.41,0.44
2023-10-25,402,Electronics,39,Male,East,Summer,19,193.02,0.09,3337.32,4011.57,121.85,1022.11,0.31
2023-10-27,403,Beauty,64,Female,East,Summer,24,143.03,0.1,3089.45,3531.66,59.59,1659.26,0.54
2023-10-30,404,Home & Kitchen,47,Male,North,Summer,26,123.57,0.09,2923.67,3953.74,56.96,1442.74,0.49
2023-11-01,405,Sports,60,Male,South,Autumn,18,166.12,0.01,2960.26,1883.88,100.99,1142.45,0.39
2023-11-03,406,Electronics,34,Female,West,Winter,18,452.74,0.19,6600.95,2714.25,195.39,3083.99,0.47
2023-11-05,407,Sports,43,Female,South,Spring,20,48.04,0.18,787.86,4084.29,28.75,212.93,0.27
2023-11-07,408,Beauty,53,Male,Central,Winter,22,416.15,0.2,7324.24,1546.44,265.09,1492.29,0.2
2023-11-10,409,Beauty,18,Female,East,Spring,18,180.96,0.06,3061.84,1517.15,113.21,1023.98,0.33
2023-11-12,410,Electronics,25,Male,North,Autumn,18,265.58,0.09,4350.2,2979.73,221.65,360.51,0.08
2023-11-14,411,Home & Kitchen,52,Male,North,Autumn,18,399.3,0.19,5821.79,2856.04,265.55,1041.95,0.18
2023-11-16,412,Clothing,32,Male,West,Autumn,21,443.34,0.18,7634.31,1770.18,281.07,1731.78,0.23
2023-11-18,413,Electronics,64,Male,South,Autumn,25,178.94,0.15,3802.48,1841.34,108.32,1094.42,0.29
2023-11-21,414,Clothing,39,Male,West,Spring,25,236.3,0.11,5257.68,1750.3,191.12,479.62,0.09
2023-11-23,415,Clothing,31,Female,East,Summer,21,213.11,0.27,3266.98,3971.8,180.62,-525.98,-0.16
2023-11-25,416,Home & Kitchen,43,Male,West,Spring,20,16.49,0.1,296.82,3433.55,13.63,24.2,0.08
2023-11-27,417,Clothing,45,Male,North,Winter,13,155.01,0.14,1733.01,4245.88,114.21,248.32,0.14
2023-11-29,418,Clothing,40,Female,North,Autumn,28,235.0,0.2,5264.0,4889.63,110.14,2180.08,0.41
2023-12-02,419,Home & Kitchen,31,Male,Central,Autumn,19,211.44,0.16,3374.58,2633.74,113.85,1211.5,0.36
2023-12-04,420,Clothing,41,Female,Central,Winter,14,363.75,0.1,4583.25,800.12,153.88,2428.96,0.53
2023-12-06,421,Clothing,19,Female,East,Spring,18,198.55,0.13,3109.29,716.42,171.83,16.4,0.01
2023-12-08,422,Clothing,62,Female,South,Summer,20,249.79,0.24,3796.81,1830.49,182.45,147.88,0.04
2023-12-10,423,Electronics,43,Male,West,Summer,13,220.51,0.08,2637.3,4696.45,170.49,420.87,0.16
2023-12-12,424,Electronics,31,Male,East,Winter,15,372.91,0.04,5369.9,2854.46,207.26,2261.03,0.42
2023-12-15,425,Electronics,24,Male,Central,Summer,20,432.86,0.09,7878.05,1723.04,356.17,754.68,0.1
2023-12-17,426,Home & Kitchen,20,Female,West,Spring,16,270.63,0.25,3247.56,2296.25,143.38,953.48,0.29
2023-12-19,427,Beauty,64,Male,Central,Spring,18,396.82,0.03,6928.48,3193.68,159.05,4065.5,0.59
2023-12-21,428,Clothing,40,Female,West,Winter,23,155.43,0.3,2502.42,3438.27,91.43,399.65,0.16
2023-12-23,429,Clothing,63,Male,South,Spring,20,275.27,0.16,4624.54,1192.64,188.66,851.24,0.18
2023-12-26,430,Home & Kitchen,60,Female,East,Autumn,16,179.16,0.3,2006.59,4896.64,114.55,173.85,0.09
2023-12-28,431,Clothing,64,Male,West,Winter,21,212.96,0.28,3219.96,2951.48,176.98,-496.58,-0.15
2023-12-30,432,Electronics,62,Male,North,Spring,15,368.88,0.14,4758.55,1110.6,166.99,2253.66,0.47
2024-01-01,433,Beauty,35,Male,North,Winter,16,442.01,0.06,6647.83,4521.36,299.2,1860.6,0.28
2024-01-03,434,Sports,55,Female,West,Summer,23,69.53,0.05,1519.23,835.87,45.65,469.38,0.31
2024-01-06,435,Clothing,52,Female,West,Spring,18,320.97,0.07,5373.04,4584.81,173.55,2249.19,0.42
2024-01-08,436,Electronics,32,Male,West,Autumn,19,295.25,0.21,4431.7,4984.55,239.48,-118.44,-0.03
2024-01-10,437,Sports,42,Male,North,Spring,14,68.02,0.08,876.1,3651.94,52.81,136.72,0.16
2024-01-12,438,Beauty,54,Female,North,Winter,21,113.83,0.1,2151.39,3967.01,87.24,319.29,0.15
2024-01-14,439,Sports,45,Female,West,Winter,19,162.39,0.13,2684.31,2017.86,136.1,98.44,0.04
2024-01-17,440,Electronics,27,Female,Central,Spring,23,91.8,0.27,1541.32,4737.1,69.9,-66.28,-0.04
2024-01-19,441,Sports,56,Male,Central,Autumn,11,129.43,0.06,1338.31,2883.71,66.78,603.77,0.45
2024-01-21,442,Home & Kitchen,34,Female,South,Autumn,19,141.12,0.0,2681.28,3795.75,106.23,662.86,0.25
2024-01-23,443,Sports,56,Male,East,Autumn,20,174.48,0.02,3419.81,4658.48,96.64,1487.09,0.43
2024-01-25,444,Clothing,39,Female,Central,Winter,24,377.2,0.27,6608.54,4888.31,196.55,1891.24,0.29
2024-01-28,445,Clothing,43,Male,North,Spring,17,290.24,0.19,3996.6,4249.42,126.69,1842.87,0.46
2024-01-30,446,Home & Kitchen,61,Female,Central,Summer,20,493.26,0.08,9075.98,1863.58,380.8,1459.91,0.16
2024-02-01,447,Electronics,42,Female,South,Winter,19,213.22,0.05,3848.62,4849.46,161.09,787.95,0.2
2024-02-03,448,Clothing,34,Female,South,Autumn,28,379.39,0.09,9666.86,3326.54,196.24,4172.15,0.43
2024-02-05,449,Beauty,30,Female,East,Spring,19,437.02,0.03,8054.28,4687.89,338.55,1621.74,0.2
2024-02-08,450,Clothing,37,Female,Central,Autumn,21,342.7,0.28,5181.62,3542.47,294.35,-999.77,-0.19
2024-02-10,451,Clothing,42,Male,North,Summer,24,211.81,0.24,3863.41,1882.58,96.16,1555.46,0.4
2024-02-12,452,Electronics,21,Female,North,Autumn,17,379.26,0.14,5544.78,2165.11,195.82,2215.86,0.4
2024-02-14,453,Sports,27,Female,West,Autumn,17,109.8,0.26,1381.28,2977.12,85.11,-65.57,-0.05
2024-02-16,454,Clothing,20,Female,North,Summer,16,170.5,0.07,2537.04,4055.07,91.6,1071.41,0.42
2024-02-19,455,Home & Kitchen,58,Male,East,Spring,20,277.88,0.22,4334.93,1930.92,197.94,376.07,0.09
2024-02-21,456,Sports,62,Female,East,Winter,22,291.95,0.26,4752.95,3108.79,128.63,1923.13,0.4
2024-02-23,457,Beauty,35,Male,North,Spring,18,20.85,0.11,334.02,2055.31,13.05,99.04,0.3
2024-02-25,458,Electronics,64,Female,North,Summer,20,473.11,0.23,7285.89,4170.96,364.08,4.3,0.0
2024-02-27,459,Beauty,53,Female,West,Autumn,18,351.35,0.09,5755.11,2600.28,261.14,1054.53,0.18
2024-02-29,460,Sports,64,Male,North,Spring,12,252.89,0.09,2761.56,845.25,204.22,310.95,0.11
2024-03-03,461,Sports,39,Female,West,Winter,23,467.23,0.03,10423.9,1247.24,391.88,1410.71,0.14
2024-03-05,462,Sports,51,Male,West,Summer,19,225.16,0.13,3721.89,774.97,177.11,356.82,0.1
2024-03-07,463,Beauty,64,Male,North,Spring,17,490.41,0.22,6502.84,2746.86,360.84,368.55,0.06
2024-03-09,464,Sports,25,Female,South,Winter,21,261.02,0.28,3946.62,978.52,108.55,1667.11,0.42
2024-03-11,465,Beauty,57,Male,South,Summer,21,66.0,0.18,1136.52,1013.63,44.05,211.39,0.19
2024-03-14,466,Sports,61,Female,West,Winter,26,384.75,0.26,7402.59,4734.72,161.15,3212.64,0.43
2024-03-16,467,Home & Kitchen,36,Female,North,Summer,14,342.66,0.25,3597.93,4426.95,275.51,-259.21,-0.07
2024-03-18,468,Sports,59,Male,South,Autumn,16,388.76,0.05,5909.15,2534.39,217.85,2423.61,0.41
2024-03-20,469,Beauty,58,Male,North,Spring,14,476.21,0.15,5666.9,4936.12,324.4,1125.28,0.2
2024-03-22,470,Clothing,54,Male,North,Winter,22,390.48,0.04,8246.94,500.84,210.75,3610.42,0.44
2024-03-25,471,Sports,23,Male,North,Summer,26,309.55,0.2,6438.64,3262.91,244.93,70.42,0.01
2024-03-27,472,Clothing,43,Female,Central,Winter,17,430.08,0.28,5264.18,3273.93,362.67,-901.13,-0.17
2024-03-29,473,Home & Kitchen,51,Female,North,Winter,17,339.89,0.04,5547.0,2558.49,203.7,2084.05,0.38
2024-03-31,474,Electronics,62,Male,Central,Spring,21,209.98,0.22,3439.47,2286.27,174.59,-226.92,-0.07
2024-04-02,475,Home & Kitchen,23,Female,West,Autumn,21,443.95,0.19,7551.59,2549.22,236.86,2577.45,0.34
2024-04-05,476,Sports,54,Female,South,Winter,19,118.73,0.18,1849.81,2367.32,79.23,344.4,0.19
2024-04-07,477,Clothing,50,Female,South,Summer,15,360.17,0.12,4754.24,3787.22,298.72,273.47,0.06
2024-04-09,478,Clothing,39,Female,South,Summer,26,441.97,0.11,10227.19,1109.1,248.8,3758.31,0.37
2024-04-11,479,Beauty,38,Male,South,Autumn,25,368.35,0.01,9116.66,1389.38,323.05,1040.39,0.11
2024-04-13,480,Clothing,23,Male,South,Summer,22,351.66,0.07,7194.96,1312.33,162.09,3628.89,0.5
2024-04-16,481,Beauty,23,Female,South,Autumn,19,378.79,0.0,7197.01,1681.12,154.98,4252.44,0.59
2024-04-18,482,Electronics,21,Male,South,Summer,17,237.88,0.17,3356.49,2863.66,202.69,-89.24,-0.03
2024-04-20,483,Sports,47,Male,West,Spring,21,438.34,0.03,8928.99,1000.44,190.38,4930.97,0.55
2024-04-22,484,Beauty,28,Male,North,Winter,27,109.68,0.26,2191.41,4406.76,98.27,-461.81,-0.21
2024-04-24,485,Electronics,47,Female,East,Spring,19,72.42,0.16,1155.82,1838.13,63.42,-49.12,-0.04
2024-04-27,486,Clothing,48,Female,Central,Winter,23,149.9,0.21,2723.68,1231.42,70.23,1108.4,0.41
2024-04-29,487,Clothing,41,Female,East,Winter,19,270.47,0.12,4522.26,3540.3,180.89,1085.38,0.24
2024-05-01,488,Electronics,26,Male,East,Winter,15,260.18,0.17,3239.24,671.39,128.13,1317.32,0.41
2024-05-03,489,Clothing,20,Female,North,Spring,23,412.09,0.28,6824.21,3289.86,253.06,1003.94,0.15
2024-05-05,490,Electronics,48,Female,North,Winter,27,208.24,0.02,5510.03,3641.89,89.69,3088.36,0.56
2024-05-08,491,Beauty,57,Male,North,Spring,19,247.33,0.08,4323.33,1467.12,126.62,1917.48,0.44
2024-05-10,492,Beauty,54,Female,South,Autumn,29,16.55,0.23,369.56,688.84,9.63,90.41,0.24
2024-05-12,493,Electronics,53,Female,West,Summer,28,210.77,0.03,5724.51,2136.4,130.53,2069.54,0.36
2024-05-14,494,Beauty,41,Male,South,Summer,14,327.41,0.02,4492.07,943.67,290.99,418.27,0.09
2024-05-16,495,Beauty,48,Male,West,Winter,26,17.6,0.11,407.26,1024.15,14.15,39.38,0.1
2024-05-18,496,Beauty,23,Male,West,Spring,19,147.63,0.03,2720.82,1644.18,113.48,564.63,0.21
2024-05-21,497,Home & Kitchen,19,Female,East,Summer,29,111.9,0.18,2660.98,1829.61,74.81,491.57,0.18
2024-05-23,498,Sports,37,Female,East,Spring,14,30.57,0.07,398.02,2884.87,25.07,47.08,0.12
2024-05-25,499,Clothing,45,Female,West,Spring,25,244.84,0.27,4468.33,3552.76,139.48,981.43,0.22
2024-05-27,500,Home & Kitchen,28,Male,West,Winter,14,99.04,0.24,1053.79,3167.47,74.72,7.7,0.01
2024-05-29,501,Beauty,21,Male,South,Summer,26,374.11,0.21,7684.22,1167.62,335.54,-1039.72,-0.14
2024-06-01,502,Electronics,32,Female,South,Winter,17,425.48,0.19,5858.86,1274.39,237.13,1827.71,0.31
2024-06-03,503,Beauty,23,Female,East,Winter,17,277.34,0.26,3488.94,4454.46,204.4,14.1,0.0
2024-06-05,504,Sports,47,Male,North,Summer,13,491.04,0.07,5936.67,3012.59,403.71,688.42,0.12
2024-06-07,505,Beauty,55,Male,West,Summer,18,230.73,0.26,3073.32,4414.72,197.94,-489.67,-0.16
2024-06-09,506,Electronics,19,Male,South,Autumn,20,261.55,0.24,3975.56,2171.96,198.51,5.41,0.0
2024-06-12,507,Sports,32,Male,East,Autumn,22,494.72,0.22,8489.4,3264.8,268.04,2592.49,0.31
2024-06-14,508,Beauty,28,Female,South,Spring,15,123.46,0.17,1537.08,2856.49,69.53,494.2,0.32
2024-06-16,509,Sports,25,Male,West,Summer,19,471.85,0.07,8337.59,1936.06,193.64,4658.48,0.56
2024-06-18,510,Clothing,43,Female,West,Autumn,18,30.99,0.13,485.3,2614.62,24.19,49.96,0.1
2024-06-20,511,Clothing,62,Female,Central,Spring,23,228.73,0.24,3998.2,2761.21,96.38,1781.46,0.45
2024-06-23,512,Beauty,61,Female,North,Spring,24,44.3,0.01,1052.57,1403.47,36.87,167.64,0.16
2024-06-25,513,Sports,22,Male,Central,Spring,28,367.33,0.23,7919.63,1917.55,168.73,3195.31,0.4
2024-06-27,514,Electronics,23,Male,East,Autumn,20,308.12,0.07,5731.03,4061.34,149.73,2736.49,0.48
2024-06-29,515,Beauty,43,Male,South,Summer,12,356.25,0.04,4104.0,4621.05,227.38,1375.42,0.34
2024-07-01,516,Clothing,21,Male,East,Winter,22,193.5,0.03,4129.29,2119.07,148.79,855.91,0.21
2024-07-04,517,Clothing,36,Female,West,Spring,24,191.05,0.01,4539.35,1881.38,89.7,2386.59,0.53
2024-07-06,518,Beauty,37,Male,Central,Autumn,13,32.21,0.16,351.73,1378.39,19.97,92.11,0.26
2024-07-08,519,Sports,50,Male,Central,Autumn,25,181.47,0.07,4219.18,3553.21,116.4,1309.19,0.31
2024-07-10,520,Clothing,37,Female,Central,Winter,30,465.35,0.3,9772.35,1953.95,235.53,2706.34,0.28
2024-07-12,521,Sports,29,Male,East,Winter,23,195.82,0.17,3738.2,4944.87,89.64,1676.43,0.45
2024-07-15,522,Clothing,64,Female,West,Autumn,27,417.37,0.04,10818.23,1965.58,341.5,1597.82,0.15
2024-07-17,523,Clothing,18,Female,South,Summer,24,422.74,0.21,8015.15,2273.61,275.3,1407.9,0.18
2024-07-19,524,Home & Kitchen,43,Female,South,Winter,17,192.89,0.27,2393.76,3215.0,78.54,1058.53,0.44
2024-07-21,525,Clothing,31,Female,East,Autumn,21,319.67,0.22,5236.19,4107.58,256.21,-144.27,-0.03
2024-07-23,526,Electronics,55,Female,Central,Winter,18,56.73,0.02,1000.72,2612.83,50.51,91.5,0.09
2024-07-26,527,Beauty,54,Female,North,Summer,15,60.8,0.27,665.76,2401.95,42.74,24.66,0.04
2024-07-28,528,Beauty,28,Female,East,Spring,18,33.84,0.24,462.93,4980.37,22.06,65.87,0.14
2024-07-30,529,Sports,53,Female,East,Winter,23,294.7,0.05,6439.19,547.22,247.31,750.96,0.12
2024-08-01,530,Clothing,30,Male,West,Summer,22,218.77,0.02,4716.68,4527.79,191.7,499.3,0.11
2024-08-03,531,Electronics,60,Male,South,Autumn,21,278.54,0.17,4854.95,1171.13,216.5,308.44,0.06
2024-08-05,532,Sports,20,Male,East,Winter,21,265.33,0.05,5293.33,4036.66,165.23,1823.55,0.34
2024-08-08,533,Home & Kitchen,50,Male,East,Winter,22,181.6,0.25,2996.4,3280.69,126.41,215.3,0.07
2024-08-10,534,Sports,23,Female,Central,Autumn,25,341.96,0.11,7608.61,2038.31,256.63,1192.86,0.16
2024-08-12,535,Sports,27,Male,Central,Spring,17,381.67,0.27,4736.52,4432.44,189.74,1510.91,0.32
2024-08-14,536,Clothing,22,Female,North,Autumn,15,17.17,0.17,213.77,558.08,10.71,53.16,0.25
2024-08-16,537,Home & Kitchen,40,Male,West,Winter,21,111.55,0.05,2225.42,1520.11,90.9,316.45,0.14
2024-08-19,538,Sports,27,Male,North,Autumn,11,359.49,0.04,3796.21,3051.02,261.48,919.94,0.24
2024-08-21,539,Electronics,61,Male,Central,Summer,16,199.44,0.17,2648.56,2081.94,120.78,716.06,0.27
2024-08-23,540,Electronics,19,Female,South,Autumn,22,334.62,0.23,5668.46,3246.7,244.84,282.09,0.05
2024-08-25,541,Beauty,30,Male,Central,Winter,21,180.01,0.23,2910.76,608.5,82.64,1175.22,0.4
2024-08-27,542,Home & Kitchen,57,Female,West,Autumn,16,201.47,0.08,2965.64,1024.07,121.03,1029.11,0.35
2024-08-30,543,Home & Kitchen,19,Female,Central,Spring,25,87.75,0.06,2062.12,1071.93,69.9,314.66,0.15
2024-09-01,544,Beauty,37,Male,West,Autumn,20,136.53,0.01,2703.29,1351.78,69.67,1309.99,0.48
2024-09-03,545,Sports,18,Male,West,Spring,15,306.65,0.2,3679.8,2566.99,151.17,1412.21,0.38
2024-09-05,546,Home & Kitchen,54,Male,West,Summer,18,222.25,0.02,3920.49,3884.58,194.56,418.41,0.11
2024-09-07,547,Electronics,26,Female,West,Spring,20,389.41,0.13,6775.73,4574.92,196.63,2843.09,0.42
2024-09-10,548,Electronics,34,Male,West,Autumn,23,427.77,0.18,8067.74,4259.18,226.91,2848.71,0.35
2024-09-12,549,Clothing,26,Female,South,Winter,28,275.41,0.28,5552.27,1386.0,243.68,-1270.91,-0.23
2024-09-14,550,Home & Kitchen,28,Female,North,Spring,16,381.55,0.09,5555.37,2485.18,292.78,870.82,0.16
2024-09-16,551,Sports,32,Male,East,Summer,19,160.38,0.07,2833.91,1397.35,120.25,549.11,0.19
2024-09-18,552,Beauty,41,Male,North,Spring,24,213.34,0.2,4096.13,1690.12,176.32,-135.5,-0.03
2024-09-21,553,Beauty,55,Female,West,Spring,24,359.26,0.19,6984.01,2765.96,164.51,3035.79,0.43
2024-09-23,554,Sports,52,Female,South,Spring,15,199.24,0.1,2689.74,806.49,150.02,439.39,0.16
2024-09-25,555,Clothing,47,Female,Central,Summer,21,298.37,0.28,4511.35,1481.78,194.49,427.05,0.09
2024-09-27,556,Beauty,48,Male,South,Autumn,20,100.83,0.25,1512.45,4709.2,82.13,-130.22,-0.09
2024-09-29,557,Home & Kitchen,22,Female,West,Spring,22,303.89,0.07,6217.59,2597.52,198.77,1844.75,0.3
2024-10-02,558,Clothing,61,Male,South,Spring,18,432.14,0.07,7234.02,2504.24,306.87,1710.34,0.24
2024-10-04,559,Home & Kitchen,31,Female,South,Winter,13,435.63,0.15,4813.71,565.55,278.31,1195.66,0.25
2024-10-06,560,Electronics,28,Female,West,Summer,20,364.93,0.23,5619.92,1613.3,233.22,955.54,0.17
2024-10-08,561,Clothing,26,Male,South,Spring,30,375.42,0.01,11149.97,4398.32,294.32,2320.26,0.21
2024-10-10,562,Beauty,51,Female,East,Summer,16,283.38,0.21,3581.92,1240.83,202.41,343.31,0.1
2024-10-13,563,Clothing,29,Male,East,Spring,28,296.49,0.19,6724.39,2368.06,212.47,775.12,0.12
2024-10-15,564,Clothing,52,Male,South,Autumn,16,75.49,0.07,1123.29,564.49,47.19,368.22,0.33
2024-10-17,565,Clothing,52,Female,Central,Autumn,23,227.49,0.2,4185.82,2652.51,151.41,703.45,0.17
2024-10-19,566,Clothing,18,Male,West,Spring,23,230.88,0.28,3823.37,594.59,178.44,-280.69,-0.07
2024-10-21,567,Home & Kitchen,57,Male,East,Autumn,18,479.66,0.01,8547.54,4188.24,389.95,1528.45,0.18
2024-10-23,568,Electronics,39,Female,Central,Spring,24,221.23,0.1,4778.57,4211.84,165.54,805.56,0.17
2024-10-26,569,Sports,46,Male,South,Autumn,16,279.18,0.13,3886.19,4044.84,240.66,35.57,0.01
2024-10-28,570,Clothing,25,Male,Central,Winter,21,271.29,0.27,4158.88,1775.14,219.79,-456.69,-0.11
2024-10-30,571,Beauty,28,Male,North,Winter,24,322.01,0.29,5487.05,4267.57,219.27,224.65,0.04
2024-11-01,572,Clothing,58,Female,East,Winter,21,376.63,0.13,6881.03,2943.49,277.09,1062.19,0.15
2024-11-03,573,Beauty,54,Male,South,Summer,15,120.27,0.23,1389.12,2182.14,103.81,-168.05,-0.12
2024-11-06,574,Home & Kitchen,31,Female,West,Summer,24,269.07,0.16,5424.45,3313.98,190.93,842.18,0.16
2024-11-08,575,Beauty,47,Female,South,Winter,16,414.7,0.16,5573.57,555.53,336.9,183.11,0.03
2024-11-10,576,Sports,52,Male,West,Summer,27,236.93,0.08,5885.34,1143.32,176.37,1123.3,0.19
2024-11-12,577,Electronics,38,Male,South,Autumn,27,146.44,0.07,3677.11,3840.32,98.99,1004.41,0.27
2024-11-14,578,Beauty,54,Male,Central,Spring,20,330.81,0.09,6020.74,1598.73,172.33,2574.24,0.43
2024-11-17,579,Beauty,22,Female,Central,Spring,20,413.65,0.17,6866.59,3191.04,253.57,1795.25,0.26
2024-11-19,580,Electronics,36,Male,Central,Spring,13,40.94,0.01,526.9,2232.96,36.19,56.48,0.11
2024-11-21,581,Sports,31,Male,North,Winter,11,390.63,0.27,3136.76,4346.63,284.72,4.8,0.0
2024-11-23,582,Clothing,43,Male,West,Summer,17,412.61,0.05,6663.65,4785.87,281.48,1878.46,0.28
2024-11-25,583,Beauty,21,Male,Central,Autumn,21,236.15,0.07,4612.01,4476.04,204.62,315.01,0.07
2024-11-28,584,Electronics,42,Male,North,Autumn,24,491.82,0.16,9915.09,1717.79,340.96,1732.12,0.17
2024-11-30,585,Home & Kitchen,62,Female,West,Winter,31,395.49,0.21,9685.55,1373.73,262.23,1556.54,0.16
2024-12-02,586,Electronics,59,Female,South,Autumn,22,389.09,0.03,8303.18,2634.96,303.36,1629.35,0.2
2024-12-04,587,Home & Kitchen,42,Male,North,Autumn,19,376.44,0.1,6437.12,533.0,284.71,1027.56,0.16
2024-12-06,588,Sports,35,Male,East,Autumn,21,83.8,0.29,1249.46,616.14,41.61,375.58,0.3
2024-12-09,589,Clothing,57,Male,North,Autumn,18,116.44,0.08,1928.25,2989.81,74.02,595.97,0.31
2024-12-11,590,Electronics,25,Male,North,Summer,14,237.36,0.09,3023.97,2842.02,151.02,909.66,0.3
2024-12-13,591,Beauty,56,Female,West,Autumn,19,139.36,0.25,1985.88,4975.62,82.1,426.0,0.21
2024-12-15,592,Sports,57,Male,South,Spring,21,213.47,0.02,4393.21,1408.29,140.6,1440.58,0.33
2024-12-17,593,Electronics,31,Female,East,Winter,16,445.35,0.14,6128.02,1661.47,270.13,1805.96,0.29
2024-12-20,594,Beauty,49,Female,Central,Summer,21,413.92,0.11,7736.16,1010.93,206.82,3392.85,0.44
2024-12-22,595,Electronics,55,Male,Central,Autumn,22,318.72,0.09,6380.77,4628.94,193.2,2130.31,0.33
2024-12-24,596,Home & Kitchen,50,Female,North,Summer,17,430.48,0.09,6659.53,4000.15,187.75,3467.79,0.52
2024-12-26,597,Electronics,40,Female,West,Autumn,19,394.05,0.03,7262.34,4200.53,271.06,2112.12,0.29
2024-12-28,598,Electronics,32,Female,West,Spring,25,220.2,0.09,5009.55,4562.44,182.07,457.87,0.09
2024-12-31,599,Electronics,50,Female,Central,Winter,23,108.52,0.01,2471.0,2862.05,82.76,567.47,0.23
